{
		"doc": {
		"1": [
		"我祈望\n在阳光明媚的街角\n遇见你，然后遇见我自己",
		"生活是对美好事物\n一场又一场的追逐",
		"面朝大海，春暖花开"],
		"2": [
		"再美好经不起遗忘\n再悲伤抵不过时光",
		"错过的年华\n开出斑斓的花\n轮回了荒芜的春夏",
		"我永远记得\n那年情人节是星期三"],
		"3": [
		"在哪里存在\n就在哪里绽放\n不要因为难过\n就忘了散发芳香\n",
		"只要你要，只要我有",
		"未经失恋，不懂爱情\n未经失意，不懂人生"],
		"4": [
		"躲在万劫不复的街头\n微笑参透覆水难收",
		"天真如我们\n以为还有\n很久的时光用来辜负",
		"等一个人\n还是等一个故事"],
		"5": [
		"无所谓对错\n生活就是这样",
		"以前拼了命的玩\n现在玩了命的拼",
		"不要高估两年内的自己\n不要低估十年后的自己"],
		"6": [
		"静守时光,以待流年",
		"突然在某一刻\n你有没有很想\n回到某年某月的某天",
		"喜欢发呆的人\n心里一定有\n另一个纯净的世界"],
		"7": 
		["风一吹，我就散去",
		"爱的，不爱的\n一直在告别中...",
		"我伪装着，不留痕迹的"],
		"8": [
		"霾，是迷路的尘埃。",
		"人之所以痛苦\n在于追求错误的东西",
		"你一直抱怨这个地方\n却没有勇气走出这里"
		],
		"9": [
		"成长的日子 ，撕了皮连着肉",
		"一个人炫耀什么\n说明内心缺少什么",
		"最可怕的事情\n就是全然地接受自己。 "]
	},
	"txt": {
		"1": ["云淡风轻"],
		"2": ["青云不语"],
		"3": ["烟雨蒙蒙"],
		"4": ["雨打芭蕉"],
		"5": ["雷迅风急"],
		"6": ["雪花飘飘"],
		"7": ["雾锁烟迷"],
		"8": ["十面霾伏"],
		"9": ["沙尘弥漫"]
	},
	"mapping": {
		"43": {
			"doc": "8",
			"txt": "8"
		},
		"25": {
			"doc": "4",
			"txt": "4"
		},
		"58": {
			"doc": "7",
			"txt": "7"
		},
		"23": {
			"doc": "4",
			"txt": "4"
		},
		"22": {
			"doc": "4",
			"txt": "4"
		},
		"11": {
			"doc": "4",
			"txt": "4"
		},
		"4": {
			"doc": "5",
			"txt": "5"
		},
		"3": {
			"doc": "3",
			"txt": "3"
		},
		"7": {
			"doc": "3",
			"txt": "3"
		},
		"13": {
			"doc": "6",
			"txt": "6"
		},
		"18": {
			"doc": "7",
			"txt": "7"
		},
		"6": {
			"doc": "6",
			"txt": "6"
		},
		"16": {
			"doc": "6",
			"txt": "6"
		},
		"31": {
			"doc": "2",
			"txt": "2"
		},
		"29": {
			"doc": "9",
			"txt": "9"
		},
		"20": {
			"doc": "9",
			"txt": "9"
		},
		"28": {
			"doc": "6",
			"txt": "6"
		},
		"55": {
			"doc": "8",
			"txt": "8"
		},
		"24": {
			"doc": "4",
			"txt": "4"
		},
		"0": {
			"doc": "1",
			"txt": "1"
		},
		"26": {
			"doc": "6",
			"txt": "6"
		},
		"10": {
			"doc": "4",
			"txt": "4"
		},
		"57": {
			"doc": "8",
			"txt": "8"
		},
		"49": {
			"doc": "7",
			"txt": "7"
		},
		"27": {
			"doc": "6",
			"txt": "6"
		},
		"56": {
			"doc": "8",
			"txt": "8"
		},
		"9": {
			"doc": "4",
			"txt": "4"
		},
		"5": {
			"doc": "5",
			"txt": "5"
		},
		"54": {
			"doc": "8",
			"txt": "8"
		},
		"19": {
			"doc": "4",
			"txt": "4"
		},
		"30": {
			"doc": "1",
			"txt": "1"
		},
		"1": {
			"doc": "2",
			"txt": "2"
		},
		"2": {
			"doc": "2",
			"txt": "2"
		},
		"15": {
			"doc": "6",
			"txt": "6"
		},
		"53": {
			"doc": "8",
			"txt": "8"
		},
		"12": {
			"doc": "4",
			"txt": "4"
		},
		"14": {
			"doc": "6",
			"txt": "6"
		},
		"17": {
			"doc": "6",
			"txt": "6"
		},
		"8": {
			"doc": "4",
			"txt": "4"
		},
		"21": {
			"doc": "4",
			"txt": "4"
		},
		"33": {
			"doc": "3",
			"txt": "3"
		},
		"32": {
			"doc": "7",
			"txt": "7"
		},
		"34": {
			"doc": "6",
			"txt": "6"
		},
		"35": {
			"doc": "9",
			"txt": "9"
		},
		"36": {
			"doc": "9",
			"txt": "9"
		},
		"45": {
			"doc": "8",
			"txt": "8"
		},
		"46": {
			"doc": "8",
			"txt": "8"
		}
	}
}